{
  "u": [
    0.7,
    0.7,
    0.7,
    0.7,
    0.7
  ],
  "q1_use_all": 0.735457889986964,
  "q2_use_all": 0.7352498100359622,
  "q3_use_all": 0.6870282376569219,
  "q4_use_all": 0.662141593834503,
  "q5_use_all": 0.6245121248628286
}