{
  "L0696156": {
    "effective": [
      1048990.1524862393,
      1048990.1524862393,
      1863840.2712259227,
      1944039.5437135017
    ],
    "largest_blob_ratio": [
      1.0,
      1.0,
      1.0,
      1.0
    ]
  },
  "L0696154": {
    "effective": [
      1267503.3039750003,
      1267503.3039750003,
      1948068.0095364938,
      2105714.791886199
    ],
    "largest_blob_ratio": [
      0.9993068962080474,
      0.9993068962080474,
      0.9999930532731438,
      0.9999935733479143
    ]
  },
  "L0696166": {
    "effective": [
      1224898.5433082448,
      1224898.5433082448,
      1729185.0958424292,
      1992501.0341673542
    ],
    "largest_blob_ratio": [
      0.9581050967373779,
      0.9581050967373779,
      0.9951406377538459,
      0.9945441107122927
    ]
  },
  "L0696184": {
    "effective": [
      1200209.0806980724,
      1200209.0806980724,
      1719271.9094497436,
      1845893.5033600086
    ],
    "largest_blob_ratio": [
      0.9988380092516184,
      0.9988380092516184,
      0.9984078019197444,
      0.9985170209285203
    ]
  },
  "L0696186": {
    "effective": [
      1342833.1770602383,
      1342833.1770602383,
      1868692.3521851387,
      2043996.2310278916
    ],
    "largest_blob_ratio": [
      0.9999958189293517,
      0.9999958189293517,
      0.9999965938755245,
      0.9999968860026935
    ]
  },
  "L0696162": {
    "effective": [
      1375417.7571369768,
      1375417.7571369768,
      1723542.5877639933,
      1949707.3870656027
    ],
    "largest_blob_ratio": [
      1.0,
      1.0,
      0.9998014992083275,
      0.9998245251721247
    ]
  },
  "L0696178": {
    "effective": [
      1422587.1410113147,
      1422587.1410113147,
      1783328.9536125457,
      2004602.1013426995
    ],
    "largest_blob_ratio": [
      0.9999081066679263,
      0.9999081066679263,
      0.9998318855345892,
      0.9998779564068343
    ]
  },
  "L0696174": {
    "effective": [
      1354381.0162738194,
      1354381.0162738194,
      1748038.0956358481,
      1939296.4549091917
    ],
    "largest_blob_ratio": [
      1.0,
      1.0,
      1.0,
      0.9997930871639773
    ]
  },
  "L0696170": {
    "effective": [
      1347210.0367665237,
      1347210.0367665237,
      1781946.4389060703,
      1893228.7269751318
    ],
    "largest_blob_ratio": [
      0.996189744866989,
      0.996189744866989,
      0.9971193219696408,
      0.9972886456429197
    ]
  },
  "L0696152": {
    "effective": [
      1513696.3879693374,
      1513696.3879693374,
      2082628.0874932182,
      2082628.0874932182
    ],
    "largest_blob_ratio": [
      0.997843805685925,
      0.997843805685925,
      0.9976201764350551,
      0.9976201764350551
    ]
  },
  "L0696160": {
    "effective": [
      1477064.0450404934,
      1477064.0450404934,
      1934749.5949493,
      1990046.6662992858
    ],
    "largest_blob_ratio": [
      0.9978837582046196,
      0.9978837582046196,
      1.0,
      1.0
    ]
  },
  "L0696168": {
    "effective": [
      1499189.1700717881,
      1499189.1700717881,
      1900927.4188328544,
      2028331.4724356479
    ],
    "largest_blob_ratio": [
      1.0,
      1.0,
      0.9995571782316941,
      0.9995849928611431
    ]
  },
  "L09169696": {
    "effective": [
      1632562.8221265634,
      1632562.8221265634,
      2307058.257195147,
      2307093.5586495386
    ],
    "largest_blob_ratio": [
      0.9907156093078355,
      0.9907156093078355,
      0.9984075321677851,
      0.9984075565345605
    ]
  },
  "L0696176": {
    "effective": [
      1538962.0023197688,
      1538962.0023197688,
      1767827.3975743502,
      1927317.5077859247
    ],
    "largest_blob_ratio": [
      0.9986273034515921,
      0.9986273034515921,
      0.9999986165704214,
      0.9999987310525112
    ]
  },
  "L0696172": {
    "effective": [
      1636065.2604626091,
      1636065.2604626091,
      1827810.3155886703,
      2151686.1580384267
    ],
    "largest_blob_ratio": [
      0.9974252505777534,
      0.9974252505777534,
      0.9976953527134587,
      1.0
    ]
  },
  "L0696164": {
    "effective": [
      1583545.6558739815,
      1583545.6558739815,
      1895051.9190620624,
      2059465.9790302261
    ],
    "largest_blob_ratio": [
      0.9958287829114667,
      0.9958287829114667,
      0.9992042954033106,
      0.9992678191636489
    ]
  },
  "L0696180": {
    "effective": [
      1355161.492984689,
      1364614.6360261294,
      1667933.3009482275,
      1776549.6296123099
    ],
    "largest_blob_ratio": [
      1.0,
      1.0,
      1.0,
      1.0
    ]
  },
  "L0696158": {
    "effective": [
      1556651.6506264706,
      1556651.6506264706,
      1879999.0712508666,
      1972854.35043179
    ],
    "largest_blob_ratio": [
      1.0,
      1.0,
      0.9999976451799539,
      1.0
    ]
  },
  "L0696182": {
    "effective": [
      1576189.889739035,
      1590227.0955149126,
      1836167.5464909994,
      1955166.6262839027
    ],
    "largest_blob_ratio": [
      1.0,
      1.0,
      0.9996306665139204,
      0.9996531455928845
    ]
  },
  "L09169692": {
    "effective": [
      1275357.0985977065,
      1329704.7534698932,
      1530485.0831715695,
      1530485.0831715695
    ],
    "largest_blob_ratio": [
      0.99855792333265,
      0.9986168638491909,
      1.0,
      1.0
    ]
  },
  "L0696188": {
    "effective": [
      1592496.1585949813,
      1592496.1585949813,
      1803604.056172375,
      1852412.3241075124
    ],
    "largest_blob_ratio": [
      1.0,
      1.0,
      1.0,
      1.0
    ]
  },
  "L0696190": {
    "effective": [
      1537405.8717164795,
      1537405.8717164795,
      1718366.3403649877,
      1818725.3575909454
    ],
    "largest_blob_ratio": [
      0.9670332261299455,
      0.9670332261299455,
      0.997453341459656,
      0.9975938685311306
    ]
  },
  "L09169722": {
    "effective": [
      1857026.5543076973,
      1871952.5840415151,
      2269087.411814873,
      2269087.411814873
    ],
    "largest_blob_ratio": [
      0.9980695793178174,
      0.9980849715434253,
      1.0,
      1.0
    ]
  },
  "L09169720": {
    "effective": [
      1297003.300784718,
      1323324.104679793,
      1522335.0248135107,
      1539528.667075206
    ],
    "largest_blob_ratio": [
      0.9998081756677084,
      0.9998119910373633,
      0.9998365689627462,
      0.9997915392916651
    ]
  },
  "L09169716": {
    "effective": [
      1543097.553560873,
      1617477.4987617678,
      1828219.9235470954,
      1844004.3056563279
    ],
    "largest_blob_ratio": [
      0.9964492721057822,
      0.9966125528601651,
      0.9970030304033132,
      0.9970286839840227
    ]
  },
  "L09169728": {
    "effective": [
      1470056.2836865017,
      1470056.2836865017,
      1733373.2852348094,
      1747572.852614261
    ],
    "largest_blob_ratio": [
      0.9997309698630721,
      0.9997309698630721,
      1.0,
      1.0
    ]
  },
  "L09169698": {
    "effective": [
      1569942.6448672644,
      1569942.6448672644,
      1850032.7564484496,
      1856009.1750412157
    ],
    "largest_blob_ratio": [
      0.9999825506560464,
      0.9999825506560464,
      1.0,
      1.0
    ]
  },
  "L09169718": {
    "effective": [
      1326637.6066720043,
      1326637.6066720043,
      1511618.8950919088,
      1516764.8587708229
    ],
    "largest_blob_ratio": [
      0.9998655129794278,
      0.9998655129794278,
      1.0,
      1.0
    ]
  },
  "L09169724": {
    "effective": [
      2132897.0724459034,
      2132897.0724459034,
      2421203.4131523254,
      2421203.4131523254
    ],
    "largest_blob_ratio": [
      1.0,
      1.0,
      0.9999663310732327,
      0.9999663310732327
    ]
  },
  "L09169726": {
    "effective": [
      2007930.3849543938,
      2007930.3849543938,
      2243242.5697637475,
      2243242.5697637475
    ],