{
  "L0696156": {
    "effective": [
      856778.2108079185,
      856778.2108079185,
      1599730.2098529355,
      1677258.0016208969
    ],
    "largest_blob_ratio": [
      0.999188498681051,
      0.999188498681051,
      0.9988439743273375,
      0.9988974092297449
    ]
  },
  "L0696154": {
    "effective": [
      1040526.1468511464,
      1040526.1468511464,
      1589420.3240494318,
      1786558.592270551
    ],
    "largest_blob_ratio": [
      0.9954922615401088,
      0.9954922615401088,
      0.9974569239927098,
      0.9977375403700293
    ]
  },
  "L0696166": {
    "effective": [
      1045450.8975709726,
      1045450.8975709726,
      1455166.2283069692,
      1731483.374486753
    ],
    "largest_blob_ratio": [
      0.979867560632398,
      0.979867560632398,
      0.9815230875176473,
      1.0
    ]
  },
  "L0696184": {
    "effective": [
      1019760.2390363475,
      1019760.2390363475,
      1465357.4298505536,
      1582555.3410678029
    ],
    "largest_blob_ratio": [
      1.0,
      1.0,
      0.9999562811353099,
      0.9999595187848818
    ]
  },
  "L0696186": {
    "effective": [
      1068869.5160792768,
      1068869.5160792768,
      1547645.1441918588,
      1720691.8299263502
    ],
    "largest_blob_ratio": [
      0.9863866186270088,
      0.9863866186270088,
      0.9988085411719931,
      0.9997481709690185
    ]
  },
  "L0696162": {
    "effective": [
      1171060.1352591987,
      1171060.1352591987,
      1476971.690007668,
      1686954.3323566895
    ],
    "largest_blob_ratio": [
      1.0,
      1.0,
      0.9999616589551694,
      0.9999664314340383
    ]
  },
  "L0696178": {
    "effective": [
      1155030.6898590238,
      1155030.6898590238,
      1465957.558396353,
      1707837.8790965343
    ],
    "largest_blob_ratio": [
      0.998693511370089,
      0.998693511370089,
      0.9999900301711945,
      0.9999914421936225
    ]
  },
  "L0696174": {
    "effective": [
      1111171.049305315,
      1111171.049305315,
      1440161.7736509887,
      1629198.2379290136
    ],
    "largest_blob_ratio": [
      0.9990747634990823,
      0.9990747634990823,
      0.9984784554238244,
      0.9986526977137317
    ]
  },
  "L0696170": {
    "effective": [
      1127929.8351491664,
      1127929.8351491664,
      1527544.773583341,
      1670857.0547431323
    ],
    "largest_blob_ratio": [
      0.9998103565297242,
      0.9998103565297242,
      0.9998599684069073,
      0.9998719791573084
    ]
  },
  "L0696152": {
    "effective": [
      1297355.0012053328,
      1297355.0012053328,
      1807297.0928254994,
      1807297.0928254994
    ],
    "largest_blob_ratio": [
      0.9997337597144238,
      0.9997337597144238,
      0.9965171563681479,
      0.9965171563681479
    ]
  },
  "L0696160": {
    "effective": [
      1291647.1086015198,
      1291647.1086015198,
      1692001.716120674,
      1749346.2125940698
    ],
    "largest_blob_ratio": [
      0.9912158967399648,
      0.9912158967399648,
      1.0,
      1.0
    ]
  },
  "L0696168": {
    "effective": [
      1215029.6924496426,
      1215029.6924496426,
      1594700.0659549676,
      1749526.7759945162
    ],
    "largest_blob_ratio": [
      1.0,
      1.0,
      0.9998826559435974,
      0.9998930404626827
    ]
  },
  "L09169696": {
    "effective": [
      1208619.8352669212,
      1208619.8352669212,
      1980099.468366296,
      1980136.1061625453
    ],
    "largest_blob_ratio": [
      0.9972616581619764,
      0.9972616581619764,
      0.9993042869002404,
      0.9993042997727872
    ]
  },
  "L0696176": {
    "effective": [
      1230569.1933361918,
      1230569.1933361918,
      1428613.3685823064,
      1597374.420772792
    ],
    "largest_blob_ratio": [
      0.9990737313274982,
      0.9990737313274982,
      0.9910868568607398,
      0.9999986858756602
    ]
  },
  "L0696172": {
    "effective": [
      1420324.2271755068,
      1420324.2271755068,
      1589725.9369642092,
      1903364.7059205426
    ],
    "largest_blob_ratio": [
      0.9985962179784676,
      0.9985962179784676,
      0.9987458054445137,
      0.9998959978470482
    ]
  },
  "L0696164": {
    "effective": [
      1297579.9971776926,
      1297579.9971776926,
      1501646.2811341146,
      1744532.2352674438
    ],
    "largest_blob_ratio": [
      1.0,
      1.0,
      0.9656454626897819,
      0.9995721515479965
    ]
  },
  "L0696180": {
    "effective": [
      1106639.9015365748,
      1130407.5396378392,
      1422700.1089995594,
      1515602.6022238173
    ],
    "largest_blob_ratio": [
      1.0,
      1.0,
      1.0,
      1.0
    ]
  },
  "L0696158": {
    "effective": [
      1307240.5491587794,
      1307240.5491587794,
      1590944.6266795283,
      1685368.6184288408
    ],
    "largest_blob_ratio": [
      0.9997166754221831,
      0.9997166754221831,
      0.9997671990775263,
      0.999780241917023
    ]
  },
  "L0696182": {
    "effective": [
      1335003.2884823228,
      1369087.0418913527,
      1552708.1753697223,
      1697247.8948149562
    ],
    "largest_blob_ratio": [
      0.9999986327403985,
      0.9999986667786572,
      0.9999670844202332,
      0.9999709629961026
    ]
  },
  "L09169692": {
    "effective": [
      912995.2277411643,
      1035591.2744973712,
      1378642.5347646095,
      1378642.5347646095
    ],
    "largest_blob_ratio": [
      0.9990784715308998,
      1.0,
      1.0,
      1.0
    ]
  },
  "L0696188": {
    "effective": [
      1355763.5012968986,
      1355763.5012968986,
      1528121.339332232,
      1580366.9724465462
    ],
    "largest_blob_ratio": [
      0.9999973073438159,
      0.9999973073438159,
      0.9999988055251628,
      1.0
    ]
  },
  "L0696190": {
    "effective": [
      1226949.025080983,
      1226949.025080983,
      1448822.2742658167,
      1540240.9234075013
    ],
    "largest_blob_ratio": [
      0.9922721855287456,
      0.9922721855287456,
      0.9998095381234712,
      0.9999561247422328
    ]
  },
  "L09169722": {
    "effective": [
      1459080.5000873911,
      1495030.3863620136,
      2006697.9179358531,
      2006697.9179358531
    ],
    "largest_blob_ratio": [
      0.9898947091634358,
      0.9901377035932885,
      1.0,
      1.0
    ]
  },
  "L09169720": {
    "effective": [
      950485.3505792236,
      1012195.699528195,
      1219751.5282290205,
      1272142.1828516135
    ],
    "largest_blob_ratio": [
      0.995427092462842,
      0.9957058880751539,
      0.9999346514938541,
      0.9999373427425696
    ]
  },
  "L09169716": {
    "effective": [
      1169293.8817315884,
      1329997.5078361423,
      1570786.540021432,
      1591658.1482745407
    ],
    "largest_blob_ratio": [
      0.9943329125791532,
      0.9996300855561456,
      1.0,
      1.0
    ]
  },
  "L09169728": {
    "effective": [
      1076834.124341311,
      1076834.124341311,
      1467320.0540434292,
      1508405.360953295
    ],
    "largest_blob_ratio": [
      0.9852436668921227,
      0.9852436668921227,
      1.0,
      1.0
    ]
  },
  "L09169698": {
    "effective": [
      1143946.5241576352,
      1143946.5241576352,
      1569622.3558938005,
      1589117.4778375472
    ],
    "largest_blob_ratio": [
      0.9901539896633549,
      0.9901539896633549,
      1.0,
      1.0
    ]
  },
  "L09169718": {
    "effective": [
      1006377.6633280942,
      1006377.6633280942,
      1273674.3108635452,
      1284664.845826342
    ],
    "largest_blob_ratio": [
      0.9839281543916265,
      0.9839281543916265,
      0.9999587067469304,
      0.9999590600180136
    ]
  },
  "L09169724": {
    "effective": [
      1684202.3477101438,
      1684202.3477101438,
      2117312.113316666,
      2117312.113316666
    ],
    "largest_blob_ratio": [
      0.9970486637173505,
      0.9970486637173505,
      0.9999942153062995,
      0.9999942153062995
    ]
  },